Rank,Track Name,Artist Names,Plays,Album
1,Die With A Smile,"Lady Gaga, Bruno Mars","67,113,128",Die With A Smile
2,APT.,"ROS√â, Bruno Mars","65,463,651",rosie
3,All I Want for Christmas Is You,Mariah Carey,"47,514,211",Merry Christmas
4,Last Christmas,Wham!,"46,992,149",LAST CHRISTMAS
5,BIRDS OF A FEATHER,Billie Eilish,"46,095,572",HIT ME HARD AND SOFT
6,Rockin' Around The Christmas Tree,Brenda Lee,"40,460,504",Merry Christmas From Brenda Lee
7,That's So True,Gracie Abrams,"40,045,248",The Secret of Us (Deluxe)
8,luther (with sza),"Kendrick Lamar, SZA","38,270,262",GNX
9,Jingle Bell Rock,Bobby Helms,"36,801,037",Jingle Bell Rock/Captain Santa Claus (...)
10,Who,Jimin,"35,898,868",MUSE
11,Santa Tell Me,Ariana Grande,"31,559,275",Santa Tell Me
12,Espresso,Sabrina Carpenter,"31,181,720",Short n' Sweet
13,Sailor Song,Gigi Perez,"30,203,100",Sailor Song
14,Let It Snow! Let It Snow! Let It Snow!,Dean Martin,"28,134,094",A Winter Romance
15,Ma Meilleure Ennemie (from the series Arcane League of L...),"Arcane, Stromae, Pomme","27,668,582",Arcane League of Legends: Season 2 ...
16,Snowman,Sia,"27,458,578",Everyday Is Christmas (Deluxe Edition)
17,WILDFLOWER,Billie Eilish,"27,098,013",HIT ME HARD AND SOFT
18,It's the Most Wonderful Time of the Year,Andy Williams,"26,796,590",The Andy Williams Christmas Album
19,Timeless (with Playboi Carti),"The Weeknd, Playboi Carti","26,719,332",Timeless
20,tv off (feat. lefty gunplay),"Kendrick Lamar, Lefty Gunplay","25,955,853",GNX
21,Underneath the Tree,Kelly Clarkson,"25,915,495",Wrapped In Red
22,Tu Boda,"Oscar Maydon, Fuerza Regida","25,515,308",Tu Boda
23,"Good Luck, Babe!",Chappell Roan,"25,024,252","Good Luck, Babe!"
24,It's Beginning to Look a Lot like Christmas,Michael Bubl√©,"24,073,016",Christmas
25,Taste,Sabrina Carpenter,"24,070,330",Taste
26,Beautiful Things,Benson Boone,"23,812,306",Beautiful Things
27,Qu√© Pasar√≠a...,"Rauw Alejandro, Bad Bunny","23,443,661",Qu√© Pasar√≠a...
28,Si Antes Te Hubiera Conocido,KAROL G,"23,431,171",Si Antes Te Hubiera Conocido
29,toxic till the end,ROS√â,"22,405,419",rosie
30,Feliz Navidad,Jos√© Feliciano,"21,780,383",Feliz Navidad
31,Kh√©?,"Rauw Alejandro, Romeo Santos","21,642,535",KHE?
32,squabble up,Kendrick Lamar,"21,388,420",GNX
33,Running Wild,Jin,"21,214,018",Running Wild
34,Please Please Please,Sabrina Carpenter,"20,835,384",Short n' Sweet
35,Holly Jolly Christmas,Michael Bubl√©,"20,793,207",Christmas
36,EL CL√öB,Bad Bunny,"20,150,736",nadie
37,Lose Control,Teddy Swims,"19,971,268",Lose Control
38,The Night We Met,Lord Huron,"19,702,219",Strange Trails
39,I Wanna Be Yours,Arctic Monkeys,"19,360,536",AM
40,Sleigh Ride,The Ronettes,"19,094,747",Sleigh Ride
41,"One Of The Girls (with JENNIE, Lily Rose Depp)","The Weeknd, JENNIE, Lily-Rose Depp","18,788,414","The Idol, Vol. 1"
42,End of Beginning,Djo,"18,774,470",End of Beginning
43,DEGENERE üëë (feat. benny blanco),"Myke Towers, benny blanco","18,505,869",DEGENERE
44,we can't be friends (wait for your love),Ariana Grande,"18,439,509",eternal sunshine
45,NADIE,Tito Double P,"18,347,269",NADIE
46,"I Love You, I'm Sorry",Gracie Abrams,"17,687,452",The Secret of Us
47,Too Sweet,Hozier,"17,571,366",Unreal Unearth: Unaired
48,See You Again (feat. Kali Uchis),"Tyler, The Creator, Kali Uchis","17,352,465",Flower Boy
49,It's Beginning to Look a Lot Like Christmas (with Mitchell A...),"Perry Como, The Fontane Sisters, Mitchell Ayres & His Orchestra","17,352,450",Greatest Christmas Songs
50,A Bar Song (Tipsy),Shaboozey,"17,229,164","Where I've Been, Isn't Where I'm Going"
